identifier,company,parsed_name,industry,employees,share_price,market_cap_m,description
35GDVHRBMFE7NWATNM84,3I GROUP PLC,3i Group PLC,Investment Banking & Investment Services,216,27.71,30864.96,"3i Group PLC is a United Kingdom-based investment company, which is specialized in private equity and infrastructure. It invests in mid-market companies and core investment markets are Europe and North America. The private equity business is funded principally from its proprietary capital, with some funding from co-investors for selected assets. Its principal focus is on generating attractive capital returns. Private equity sectors include consumer & private label, healthcare, industrial, services & software. Its infrastructure business manages assets on behalf of third-party investors and its proprietary capital, with the objective of generating capital returns and earning fund management fees and portfolio income. Infrastructure sectors include communications, utilities, transport/logistics, social infrastructure, and energy."
549300S9XF92D1X8ME43,ANGLO AMERICAN PLC,Anglo American plc,Metals & Mining,26000,41.66,49159.6,"Anglo American plc is a global mining company focused on the production of copper, premium iron ore and crop nutrients. The Company’s copper operations include Quellaveco, Los Bronces, El Soldado, and Collahuasi. The Quellaveco copper operation is in Peru. Los Bronces is an open-pit copper and molybdenum mine in Chile. El Soldado is a copper mine located in the Cordillera de El Melon, commune of Nogales, Valparaiso Region, 125 kilometers (km) north of Santiago, Chile. The Collahuasi mine is a large copper mine located in the north of the Tarapaca Region in Chile. Its iron ore mines include Sishen, Kolomela, and Minas-Rio. Sishen is an open-pit mine in South Africa. Kolomela is located around 90 km south of its Sishen mine. Minas-Rio is a fully integrated export iron ore operation. It is developing the Woodsmith project in the northeast of England to access a known deposit of polyhalite. The Woodsmith project is located on the North Yorkshire coast, just south of Whitby."
213800MY6QVH4FVLD628,ANTOFAGASTA PLC,Antofagasta PLC,Metals & Mining,38072,39.15,42204.19,"Antofagasta PLC is a United Kingdom-based mining company based in Chile, focused on copper and its by-products. The Company has organized its business into two divisions based on its products: Mining and Transport. Through its Mining division, the Company owns and operates four mines: Los Pelambres primarily produces copper concentrate containing gold and silver as a by-product, and molybdenum concentrate; Centinela, which produces copper concentrate containing gold and silver as a by-product, molybdenum concentrates and copper cathodes; Antucoya and Zaldivar produce copper cathodes. Los Pelambres is located in the Coquimbo Region of central Chile, and Centinela, Antucoya and Zaldivar, which are in the Antofagasta Region of northern Chile. Its Transport Division is known as Ferrocarril de Antofagasta a Bolivia (FCAB) and provides rail and truck services to the mining industry in the Antofagasta Region, including the Company's own mining operations."
PY6ZZQWO2IZFZC3IOL08,ASTRAZENECA PLC,AstraZeneca PLC,Pharmaceuticals,96100,120.06,203605.67,"AstraZeneca PLC is a United Kingdom-based science-led biopharmaceutical company. The Company focuses on the discovery, development, and commercialization of prescription medicines. The Company operates across therapy areas, including Oncology; Cardiovascular, Renal and Metabolism (CVRM); Respiratory and Immunology (R&I); Vaccines and Immune Therapies (V&I), and Rare Disease. In the Oncology area, its key products include Tagrisso, Imfinzi, Calquence, Lynparza, and Enhertu. The key products of CVRM area include Farxiga/Forxiga, Brilinta/Brilique, Crestor, and Lokelma. In the R&I area, the key products are Symbicort, Fasenra, Breztri/Trixeo, and Tezspire. In the V&I Therapies area, the products are Beyfortus and FluMist. The products in the Rare Disease area are Ultomiris, Soliris, Strensiq, and Koselugo. It has about 191 projects in its development pipeline, including 19 new molecular entities (NMEs) in the late-stage pipeline. The Company distributes its products in over 125 countries."
YF0Y5B0IB8SM0ZFG9G81,AVIVA PLC,Aviva plc,Insurance,39359,7.3,23869.14,"Aviva plc is a diversified insurer, with businesses spanning insurance, wealth, and retirement. The Company's segments include UK & Ireland General Insurance, Canada General Insurance, Insurance, Wealth & Retirement (IWR), Aviva Investors, International investments, and Other Group activities. Its IWR operations offer a range of products to individuals and businesses across insurance, wealth, and retirement. Its UK & Ireland General Insurance operations offer insurance cover to individuals and businesses, for risks associated mainly with motor vehicles, property and liability. Its Canada General Insurance operation offers personal and commercial line insurance products, for risks associated mainly with motor, property and liability principally distributed through insurance brokers. Aviva Investors manages policyholders' and shareholders' invested funds, provides investment management services for institutional pension fund mandates and manages a range of retail investment products."
8SVCSVKSGDWMW2QHOH83,BAE SYSTEMS PLC,BAE Systems plc,Aerospace & Defense,112400,19.57,62656.38,"BAE Systems plc provides advanced, technology-led defense, aerospace, and security solutions. The Company is a provider of space, aircraft, weapon systems and munitions, Complex warships, Submarines, Embedding environmental considerations, Intelligence and cyber security, Naval ship repair and support, and Uncrewed and future air system capabilities. Its Electronic Systems segment comprises the United States and United Kingdom-based electronics activities, including electronic warfare systems, navigation systems, and others. Its Platforms & Services segment, with operations in the United States, Sweden and the United Kingdom, manufactures and upgrades combat vehicles, weapons and munitions, and delivers services and sustainment activities Its Air segment comprises air build and support activities. Its Maritime segment comprises maritime and land activities. Its Cyber & Intelligence segment comprises the Intelligence and Security business and the Digital Intelligence business."
213800LBQA1Y9L22JB70,BARCLAYS PLC,Barclays PLC,Banking Services,93000,4.97,72886.72,"Barclays PLC is a diversified bank with five divisions comprising Barclays UK, Barclays UK Corporate Bank, Barclays Private Bank and Wealth Management, Barclays Investment Bank and Barclays US Consumer Bank. The Barclays UK division represents businesses that sit within the United Kingdom ring-fenced bank, Barclays Bank UK PLC and its subsidiaries, and comprises Personal Banking, UK Business Banking and Barclaycard Consumer UK. The Barclays UK Corporate Bank division offers lending, trade and working capital, liquidity, payments, and FX solutions for corporate clients. Barclays Private Bank and Wealth Management division comprises the Private Bank, Wealth Management, and Investments businesses. Barclays Investment Bank division incorporates the Global Markets, Investment Banking, and International Corporate Banking businesses. Barclays US Consumer Bank division represents the United States credit card business, focused on the partnership market, as well as an online deposit franchise."
213800LH1BZH3DI6G760,BP P.L.C.,BP p.l.c.,Oil & Gas,93700,5.4,91191.98,"BP p.l.c. is a global integrated oil and gas company. The Company's segments include Gas & low carbon energy, Oil production & operations, Customers & products, and Other businesses & corporate. The gas & low carbon energy includes regions with upstream activities that predominantly produce natural gas, gas trading and its Archaea Energy business. The oil production & operations segment comprises regions with upstream activities that predominantly produce crude oil, including bpx energy. The customers & products segment comprises its customer-focused businesses, which include convenience and retail fuels, electric vehicle (EV) charging, as well as Castrol, aviation, business-to-business (B2B), midstream, and bp bioenergy. It also includes its products businesses, refining and oil trading. The other businesses and corporate also comprise the Company's shipping and treasury functions, and corporate activities worldwide."
213800FKA5MF17RJKT63,BRITISH AMERICAN TOBACCO P.L.C.,British American Tobacco p.l.c.,Food & Tobacco,47797,41.25,97167.13,"British American Tobacco p.l.c. is a global multi-category consumer goods business company. The Company provides tobacco and nicotine products. Its segments include the United States, Asia Pacific Middle East and Africa, and Americas and Europe. Its product categories include Vapor, Heating Products (HPs), Modern Oral, Traditional Oral, and Combustibles. Vapor products are handheld, battery-powered devices that heat a liquid to produce an inhalable aerosol, known as vapor. HPs are devices that use heat to generate a nicotine-containing aerosol, which the user inhales. This category includes Tobacco Heated Products and Herbal Products for Heating (HPH). Modern Oral products are smoke-free oral nicotine products called nicotine pouches, designed for use in the mouth. Traditional oral products include snus and snuff. Its brands include Vuse, glo, Velo, Grizzly, Kent, Dunhill, Lucky Strike, Pall Mall, Rothmans, Newport, Natural American Spirit, Camel, and others."
213800LRO7NS5CYQMN21,BT GROUP PLC,BT Group,Telecommunications Services,77200,2.02,21505.05,"BT Group plc is a United Kingdom-based provider of fixed and mobile telecommunications and related secure digital products, solutions and services. It has four customer-facing units: Consumer, Business, International, and Openreach. The Consumer unit serves individuals and families in the United Kingdom. The Business unit covers companies and public services in the United Kingdom and internationally. The International unit serves multinational organizations headquartered outside the United Kingdom and overseas public sector customers. The Openreach unit is an independently governed, wholly owned subsidiary wholesaling fixed access infrastructure services to its customers, over 700 communications providers, across the United Kingdom. It provides digital connectivity services including broadband, mobile, television, cybersecurity, networking and managed services. Its wholly owned subsidiary, British Telecommunications plc, encompasses virtually all businesses and assets of the Company."
549300LTH67W4GWMRF57,COCA-COLA EUROPACIFIC PARTNERS PLC,Coca-Cola Europacific Partners plc,Beverages,39000,78.7,37959.09,"Coca-Cola Europacific Partners plc is a United Kingdom-based consumer goods company. The Company is engaged in making, selling and distributing an extensive range of primarily non-alcoholic ready-to-drink (RTD) beverages. The Company's product categories include Coca-Cola trademark; flavors and mixers; waters, sports, RTD tea and coffee, and other including energy. Its brands include Coca-Cola Original Taste, Coca-Cola Zero Sugar, Diet Coke, Sprite, Fanta, Monster Energy, Costa Coffee and Fuze Tea. The Company's operations include Europe and Australia, Pacific and Southeast Asia (APS). Its Europe operations include FBN (France, Monaco, Belgium, Luxembourg, the Netherlands, Norway, Sweden and Iceland), Germany, Great Britain, and Iberia (Spain, Portugal and Andorra). The Company's APS operations include Australia/Pacific (Australia, New Zealand, the Pacific Islands and Papua New Guinea), and Southeast Asia (Indonesia and the Philippines). It operates in approximately 31 markets."
549300EFP3TNG7JGVE49,Coca-Cola HBC AG,Coca Cola HBC AG,Beverages,33966,45.34,18069.54,"Coca Cola HBC AG is a Switzerland-based bottler of Coca-Cola products. The Company's segments include Established markets, including Austria, Cyprus, Greece, Italy, Northern Ireland, Republic of Ireland and Switzerland; Developing markets, including Croatia, the Czech Republic, Estonia, Hungary, Latvia, Lithuania, Poland, Slovakia and Slovenia, and Emerging markets, including Armenia, Belarus, Bosnia and Herzegovina, Bulgaria, Macedonia, Moldova, Montenegro, Nigeria, Romania, Russian Federation, Serbia and Ukraine. The Company produces, sells and distributes primarily non-alcoholic, ready-to-drink beverages. The Company markets Coca-Cola, Coca-Cola Zero, Coca-Cola Light, Fanta, Sprite, Monster and Fuzetea among others."
213800ZVIELEA55JMJ32,DIAGEO PLC,Diageo plc,Beverages,29632,16.57,40308.44,"Diageo plc is a United Kingdom-based international manufacturer and distributor of premium drinks. The Company offers beverage alcohol with a collection of brands across spirits and beer categories. Its segments include North America, Europe, Asia Pacific, Latin America and Caribbean, Africa, and Corporate and other. The SC&P segment manufactures products and includes production sites in the United Kingdom, Ireland, Italy, Guatemala and Mexico, as well as comprises the global procurement function. Its principal products include scotch whisky, whisk(e)y, vodka, tequila, gin, rum, liqueurs, beer, wine, and non-alcoholic spirits. Its collection of brands includes Johnnie Walker, J&B and Buchanan's whiskies, Smirnoff, Ciroc and Ketel One vodkas, Captain Morgan, Don Julio, Guinness, and Tanqueray, among others. It offers Ritual Zero Proof Non-Alcoholic Spirits (Ritual). It owns manufacturing production facilities across the globe, including distilleries, breweries, and packaging plants."
635400RXXHHYT1JTSZ26,Experian plc,Experian PLC,Professional & Commercial Services,25200,28.14,27209.45,"Experian PLC is a global data and technology company. The Company helps to redefine lending practices, uncover and prevent fraud, simplify healthcare, deliver digital marketing solutions, and gain deeper insights into the automotive market, all using its combination of data, analytics and software. The Company also assists various people to realize their financial goals and helps them to save time and money. It operates across a range of industries, from financial services to healthcare, automotive, agri finance, insurance, and many more industry segments. It is organized around five ecosystems: financial services, consumer services, health, automotive, and marketing services. It provides automotive manufacturers, dealers, lenders, and insurers with data and analytics to better understand vehicles and customers. The Company also owns KYC360, which is a recognized player in regulatory technology, focusing on anti-financial crime solutions."
549300JXWH1UV5J0XV81,FRESNILLO PLC,Fresnillo PLC,Metals & Mining,7348,31.46,25349.74,"Fresnillo PLC is a holding company. The Company operates several mines, including the Fresnillo, Saucito, and Herradura mines. These mines are known for their production of silver and gold. The Fresnillo mine, located in Zacatecas, is one of the oldest and productive silver mines in the world. The Saucito mine, also in Zacatecas, is a source of silver and gold, with modern infrastructure and high production rates. The Herradura mine, located in Sonora, is one of their open-pit gold mines in Mexico. The Company's mining operations involve both underground and open-pit mining methods, depending on the characteristics of each deposit. The company uses modern mining techniques and equipment to ensure efficient and safe operations. Once the ore is extracted, it is processed at on-site facilities to separate the valuable metals from the waste material."
2138002658CPO9NBH955,GLENCORE PLC,Glencore PLC,Metals & Mining,80423,6.02,76974.95,"Glencore PLC is a Switzerland-based producer and marketer of natural resources. The Company is a producer and marketer of coal, with mines in Australia, Africa and South America - and a marketer of crude oil, refined products and natural gas. The Company operates across two business segments: Industrial Activities and Marketing. Industrial Activities segment contains of producing a diverse range of metals and minerals - such as copper, cobalt, zinc, nickel, coal and ferroalloys. Marketing segment is responsible for physically sourcing commodities and products from its global supplier base and sell them to customers all over the world, transporting commodities by sea, rail and truck. The Company is also involved in the recycling of copper and precious metals."
5493000HZTVUYLO1D793,GSK PLC,GSK plc,Pharmaceuticals,66841,18.47,80905.99,"GSK plc is a United Kingdom-based biopharma company. The Company is focused on the science of the immune system and advanced technologies, investing in four core therapeutic areas-respiratory, immunology and inflammation; oncology; human immunodeficiency virus (HIV), and infectious diseases. Its segments include Commercial Operations and Research and Development. Its specialty medicines prevent and treat diseases, from asthma, cancer and HIV to autoimmune diseases like lupus. General medicines include inhalers for asthma and chronic obstructive pulmonary disease (COPD) to antibiotics. It also owns ozureprubart, a long-acting anti-immunoglobulin E (IgE) monoclonal antibody and HS235, a potential molecule for the treatment of pulmonary hypertension (PH). Its oncology portfolio also includes Zidesamtinib (NVL-520), neladalkib (NVL-655), and NVL-330. Its products include Anoro Ellipta, Apretude, Arexvy, Bexsero, Blenrep, Blujepa, Boostrix, Cervarix, Dovato, Efimosfermin, among others."
549300PSB3WWEODCUP19,HALEON PLC,Haleon plc,Pharmaceuticals,24000,3.53,33930.21,"Haleon plc is a consumer healthcare company. The Company’s product portfolio spans six major categories, including oral health, vitamins, minerals and supplements (VMS), pain relief, respiratory health, digestive health and therapeutic skin health and others. The Company's segments include North America, Europe, Asia Pacific, and International. Its respiratory health brands offer product solutions for a range of respiratory issues, including cold and flu, nasal congestion, coughs, and allergies. The Company’s oral health brands include Sensodyne, Polident, and Parodontax. Its VMS brands include Centrum, Emergen-C, and Caltrate. Its respiratory brands include Otrivin, Theraflu, Flonase, Contac, and Beechams. Its pain relief brands include Voltaren, Panadol, and Advil. Its digestive health brands include TUMS, ENO, and Benefiber. Its therapeutic skin health brands include Fenistil, Zovirax, and Bactroban."
MLU0ZO3ML4LN2LL2TL39,HSBC HOLDINGS PLC,HSBC Holdings plc,Banking Services,206161,15.8,296615.3,"HSBC Holdings plc (HSBC) is a banking and financial services company. Its business segments include Hong Kong, UK, Corporate and Institutional Banking (CIB), and International Wealth and Premier Banking (IWPB). Its Hong Kong business comprises retail banking and wealth and commercial banking of HSBC Hong Kong and Hang Seng Bank. Its UK business comprises UK retail banking and wealth (including first direct and M&S Bank) and UK commercial banking, including HSBC Innovation Bank. CIB segment is formed from the integration of its commercial banking business (outside the UK and Hong Kong) with its global banking and markets business. IWPB segment comprises premier banking outside of Hong Kong and the UK, its private bank, and its wealth manufacturing businesses of asset management and insurance. Its customers worldwide through a network covering 56 countries and territories. Its customers range from personal banking and wealth customers to large corporates, institutions and governments."
549300DFVPOB67JL3A42,IMPERIAL BRANDS PLC,Imperial Brands PLC,Food & Tobacco,25100,24.89,20581.4,"Imperial Brands PLC is a fast-moving consumer goods company. The Company offers a range of cigarettes, fine cut and smokeless tobacco, papers, and cigars. The Company operates through two businesses: Tobacco & NGP and Distribution. The Tobacco & NGP business manufactures, markets, and sells tobacco and next-generation products (NGP) and tobacco and NGP-related products, including sales to (but not by) the Distribution business. The Distribution business distributes tobacco and NGP products for tobacco and NGP product manufacturers, including Imperial Brands, as well as a range of non-tobacco and NGP products and services. Its segments include Europe, Americas, Africa, Asia, Australasia and Central and Eastern Europe (AAACE) and Distribution. It brands include John Player Special, Davidoff, Gauloises, West, Winston, Kool, Lambert & Butler, Fortuna, Nobel, News, Backwoods, Champion, Golden Virginia, Maverick, Dutch Masters, Fine, Rizla, blu, Pulze, Skruf, and Zone."
